Annexure II-  Nifty Next 50 Index : December 2025,,,,,,,,,,,
,,,,,,,,,,,
Sr. No,Security Symbol,Security Name,Basic Industry,Equity Capital (In Rs.),Index Market Capitalisation (Rs. Crores),Weightage (%),Beta,R2,Volatility (%),Monthly Return,Avg. Impact Cost (%)
1,ABB,ABB India Ltd.,Heavy Electrical Equipment,423816750,27037.48069,1.171,1.17933571,0.25111087,1.01497493,-0.09661836,0.02
2,ADANIENSOL,Adani Energy Solutions Ltd.,Power Distribution,12012826420,35540.32788,1.53926042,1.60760038,0.28083262,1.4114182,3.29797396,0.02
3,ADANIGREEN,Adani Green Energy Ltd.,Power Generation,16471761550,31029.87634,1.34391164,1.69351071,0.24171568,1.23786885,-3.15779431,0.02
4,ADANIPOWER,Adani Power Ltd.,Integrated Power Utilities,38569389410,56253.10156,2.43633579,1.32821168,0.1180014,1.44907809,-3.05105431,0.03
5,AMBUJACEM,Ambuja Cements Ltd.,Cement & Cement Products,4943646956,33834.0208,1.46535984,0.92583244,0.24379131,1.00194902,1.11777535,0.02
6,DMART,Avenue Supermarts Ltd.,Diversified Retail,6507330680,55538.26749,2.40537615,0.7314628,0.09731535,1.03316275,-5.36219192,0.03
7,BAJAJHLDNG,Bajaj Holdings & Investment Ltd.,Holding Company,1112935100,48909.75391,2.11829358,1.30524684,0.19110257,1.40166337,-1.48708583,0.03
8,BAJAJHFL,Bajaj Housing Finance Ltd.,Housing Finance Company,83323346190,8808.737317,0.3815086,0.99774862,0.2104638,1.6444976,-10.22175692,0.03
9,BANKBARODA,Bank of Baroda,Public Sector Bank,10342724358,54742.81607,2.37092495,0.94888634,0.18177628,1.35183025,2.10489993,0.02
10,BPCL,Bharat Petroleum Corporation Ltd.,Refineries & Marketing,43385054880,74224.17925,3.21466762,1.01092061,0.21189759,1.41922153,6.93400167,0.02
11,BOSCHLTD,Bosch Ltd.,Auto Components & Equipments,294936400,31178.04726,1.35032896,0.8185857,0.18607936,0.74655666,-0.19385212,0.03
12,BRITANNIA,Britannia Industries Ltd.,Packaged Foods,240868296,70932.31445,3.07209614,0.40225906,0.06007548,0.91595833,3.16455696,0.02
13,CGPOWER,CG Power and Industrial Solutions Ltd.,Heavy Electrical Equipment,3149715218,44364.31847,1.92142964,1.47976585,0.26048173,1.11848127,-3.7152623,0.02
14,CANBK,Canara Bank,Public Sector Bank,18141302520,52081.59448,2.25566678,1.05586586,0.18388102,1.55333382,2.19685974,0.02
15,CHOLAFIN,Cholamandalam Investment and Finance Company Ltd.,Non Banking Financial Company (NBFC),1687706982,71790.49334,3.10926408,1.35441331,0.2333455,1.94422649,-1.94700461,0.02
16,DLF,DLF Ltd.,"Residential, Commercial Projects",4950630072,43974.55168,1.90454874,1.70509968,0.46933073,1.28379245,-5.00276396,0.02
17,DIVISLAB,Divi's Laboratories Ltd.,Pharmaceuticals,530937160,80998.35666,3.50805892,0.86832891,0.15080562,0.9501264,-1.30461633,0.02
18,GAIL,GAIL (India) Ltd.,Gas Transmission/Marketing,65750996440,46309.19771,2.00566284,1.27896542,0.31318976,0.93599651,-2.23181328,0.02
19,GODREJCP,Godrej Consumer Products Ltd.,Personal Care,1023244581,49041.40199,2.12399529,0.48510948,0.05699323,0.79283856,6.68645251,0.03
20,HAVELLS,Havells India Ltd.,Consumer Electronics,627256842,35837.29119,1.55212197,0.86515575,0.19473315,0.87606397,-1.17899993,0.02
21,HAL,Hindustan Aeronautics Ltd.,Aerospace & Defense,3343875000,83039.39554,3.59645682,1.18773511,0.20149408,1.18903291,-3.38367383,0.02
22,HINDZINC,Hindustan Zinc Ltd.,Zinc,8450638000,26476.26479,1.1466936,1.42752616,0.23246755,2.27017802,26.22629843,0.02
23,HYUNDAI,Hyundai Motor India Ltd.,Passenger Cars & Utility Vehicles,8125411000,32675.96689,1.41520423,0.83513655,0.10928186,1.18769091,-1.20378332,0.03
24,ICICIGI,ICICI Lombard General Insurance Company Ltd.,General Insurance,4980048050,47361.93992,2.05125737,0.83857871,0.16603495,0.49512651,-0.42628774,0.03
25,INDHOTEL,Indian Hotels Co. Ltd.,Hotels & Resorts,1423432227,64715.27596,2.80283466,1.52616619,0.37332481,1.06858448,-0.73223163,0.02
26,IOC,Indian Oil Corporation Ltd.,Refineries & Marketing,141212383830,62024.43496,2.68629367,0.98099399,0.22703056,1.38967319,2.91190108,0.02
27,IRFC,Indian Railway Finance Corporation Ltd.,Financial Institution,130685060000,22204.94591,0.96170172,1.4981685,0.29479394,2.85156206,5.99642766,0.03
28,NAUKRI,Info Edge (India) Ltd.,Internet & Catalogue Retail,1296841200,51668.96346,2.23779563,1.60948706,0.34779487,1.26318458,0.25560066,0.03
29,JSWENERGY,JSW Energy Ltd.,Power Generation,17477684510,25816.33483,1.11811187,1.435473,0.23584804,1.78032994,-1.2688018,0.03
30,JINDALSTEL,Jindal Steel Ltd.,Iron & Steel,1020088097,39270.54655,1.70081711,1.30279767,0.2913847,1.42179311,0.9000383,0.03
31,LTIM,LTIMindtree Ltd.,Computers - Software & Consulting,296489245,56072.39331,2.42850927,1.22673267,0.2858042,0.76729436,-0.54129419,0.02
32,LICI,Life Insurance Corporation of India,Life Insurance,63249977010,18924.80115,0.81963783,0.90747126,0.23027127,0.83185157,-4.42171167,0.02
33,LODHA,Lodha Developers Ltd.,"Residential, Commercial Projects",9987045130,29772.02414,1.28943375,1.73309058,0.31356262,1.1369593,-7.56836788,0.02
34,MAZDOCK,Mazagoan Dock Shipbuilders Ltd.,Ship Building & Allied Services,2016900000,18866.15898,0.81709803,1.44512597,0.14744771,2.02264181,-7.06821914,0.02
35,PIDILITIND,Pidilite Industries Ltd.,Specialty Chemicals,1017714032,45905.78634,1.988191,0.54185725,0.13539706,0.77861475,0.85725949,0.02
36,PFC,Power Finance Corporation Ltd.,Financial Institution,33001017600,51604.733,2.23501379,1.66727762,0.40575865,1.29390419,-2.01268266,0.02
37,PNB,Punjab National Bank,Public Sector Bank,22985886536,42492.33141,1.84035342,1.12700321,0.24492228,1.66307853,-0.73895582,0.02
38,RECLTD,REC Ltd.,Financial Institution,26332240000,44441.19488,1.92475918,1.88240503,0.45717782,1.27170064,-1.13604877,0.03
39,MOTHERSON,Samvardhana Motherson International Ltd.,Auto Components & Equipments,10554442601,53122.09453,2.30073109,1.71560763,0.3548806,1.38986492,3.12096982,0.02
40,SHREECEM,Shree Cement Ltd.,Cement & Cement Products,360807480,35442.20373,1.53501064,0.86900844,0.25948968,0.92959525,0.66287879,0.03
41,ENRIN,Siemens Energy India Ltd.,Heavy Electrical Equipment,712241010,22579.35503,0.97791747,-,-,2.03901841,-18.97392075,0.03
42,SIEMENS,Siemens Ltd.,Heavy Electrical Equipment,712241010,26999.10896,1.16933811,0.581833445,0.041535794,1.30553453,-7.08826206,0.02
43,SOLARINDS,Solar Industries India Ltd.,Explosives,180980110,29763.84566,1.28907954,1.05680719,0.15957733,1.90032704,-7.68535262,0.02
44,TVSMOTOR,TVS Motor Company Ltd.,2/3 Wheelers,475087114,87096.46978,3.77216972,1.21847408,0.30494989,1.30651885,5.33201189,0.02
45,TATAPOWER,Tata Power Co. Ltd.,Integrated Power Utilities,3195339547,63568.33035,2.75316016,1.29009657,0.41421582,0.88206855,-2.69161753,0.02
46,TORNTPHARM,Torrent Pharmaceuticals Ltd.,Pharmaceuticals,1692227200,40154.75093,1.73911223,0.6100854,0.120219,0.62460069,3.47793367,0.02
47,UNITDSPR,United Spirits Ltd.,Breweries & Distilleries,1454701706,42521.89982,1.84163403,0.8094566,0.16246867,1.1143084,-0.54422706,0.03
48,VBL,Varun Beverages Ltd.,Other Beverages,6763977538,66850.00046,2.89529011,1.04377812,0.14971055,1.09897724,1.72360087,0.03
49,VEDL,Vedanta Ltd.,Diversified Metals,3910388057,102248.2599,4.42839751,1.56856935,0.36648637,1.39074772,14.90494297,0.02
50,ZYDUSLIFE,Zydus Lifesciences Ltd.,Pharmaceuticals,1006233990,22816.41316,0.98818452,0.94631201,0.23237495,0.68644459,-2.9867374,0.02
,,,,,2308922.353,,,,,,0.02
,,,,,,,,,,,
* Beta & R2 are calculated for the period 01-Jan-2025 to 31-Dec-2025,,,,,,,,,,,
,,,,,,,,,,,
* Beta measures the  degree to which any portfolio of stocks is affected as compared to the effect,,,,,,,,,,,
  on the market as a whole.,,,,,,,,,,,
,,,,,,,,,,,
* The coefficient of determination (R2) measures the strength of relationship between two variables,,,,,,,,,,,
   the return on  a security versus that of the market.,,,,,,,,,,,
,,,,,,,,,,,
* Volatility is the Std. deviation of the daily returns for the period 01-Dec-2025 to 31-Dec-2025,,,,,,,,,,,
,,,,,,,,,,,
*Impact Cost for Nifty Next 50 is for a portfolio of Rs. 25 Lakhs. Impact Cost for Nifty Next 50 is the weightaged average impact cost for the month.,,,,,,,,,,,
,,,,,,,,,,,
*Last day of trading was 31-Dec-2025,,,,,,,,,,,
